-- MySQL Administrator dump 1.4
--
-- ------------------------------------------------------
-- Server version	5.6.11


/*!40101 SET @OLD_CHARACTER_SET_CLIENT=@@CHARACTER_SET_CLIENT */;
/*!40101 SET @OLD_CHARACTER_SET_RESULTS=@@CHARACTER_SET_RESULTS */;
/*!40101 SET @OLD_COLLATION_CONNECTION=@@COLLATION_CONNECTION */;
/*!40101 SET NAMES utf8 */;

/*!40014 SET @OLD_UNIQUE_CHECKS=@@UNIQUE_CHECKS, UNIQUE_CHECKS=0 */;
/*!40014 SET @OLD_FOREIGN_KEY_CHECKS=@@FOREIGN_KEY_CHECKS, FOREIGN_KEY_CHECKS=0 */;
/*!40101 SET @OLD_SQL_MODE=@@SQL_MODE, SQL_MODE='NO_AUTO_VALUE_ON_ZERO' */;


--
-- Create schema blooddonation
--

CREATE DATABASE /*!32312 IF NOT EXISTS*/ blooddonation;
USE blooddonation;

--
-- Table structure for table `blooddonation`.`auth_user`
--

DROP TABLE IF EXISTS `auth_user`;
CREATE TABLE `auth_user` (
  `username` varchar(45) NOT NULL DEFAULT '',
  `password` varchar(45) NOT NULL DEFAULT '',
  PRIMARY KEY (`username`)
) ENGINE=InnoDB DEFAULT CHARSET=latin1;

--
-- Dumping data for table `blooddonation`.`auth_user`
--

/*!40000 ALTER TABLE `auth_user` DISABLE KEYS */;
INSERT INTO `auth_user` (`username`,`password`) VALUES 
 ('check','1'),
 ('devanshu','12345'),
 ('test','123');
/*!40000 ALTER TABLE `auth_user` ENABLE KEYS */;


--
-- Table structure for table `blooddonation`.`bloodgroup`
--

DROP TABLE IF EXISTS `bloodgroup`;
CREATE TABLE `bloodgroup` (
  `bloodgroup` varchar(50) NOT NULL DEFAULT '',
  PRIMARY KEY (`bloodgroup`)
) ENGINE=InnoDB DEFAULT CHARSET=latin1;

--
-- Dumping data for table `blooddonation`.`bloodgroup`
--

/*!40000 ALTER TABLE `bloodgroup` DISABLE KEYS */;
INSERT INTO `bloodgroup` (`bloodgroup`) VALUES 
 ('A+'),
 ('A-'),
 ('A1+'),
 ('A1-'),
 ('A1B+'),
 ('A1B-'),
 ('A2+'),
 ('A2-'),
 ('A2B+'),
 ('A2B-'),
 ('AB+'),
 ('AB-'),
 ('B+'),
 ('B-'),
 ('Bombay Blood Group'),
 ('O+'),
 ('O-');
/*!40000 ALTER TABLE `bloodgroup` ENABLE KEYS */;


--
-- Table structure for table `blooddonation`.`city`
--

DROP TABLE IF EXISTS `city`;
CREATE TABLE `city` (
  `id` int(10) unsigned NOT NULL AUTO_INCREMENT,
  `city_name` varchar(200) NOT NULL DEFAULT '',
  `state_name` varchar(45) NOT NULL DEFAULT '',
  PRIMARY KEY (`id`),
  KEY `FK_city_1` (`state_name`),
  CONSTRAINT `FK_city_1` FOREIGN KEY (`state_name`) REFERENCES `state` (`state_name`)
) ENGINE=InnoDB AUTO_INCREMENT=2987 DEFAULT CHARSET=latin1;

--
-- Dumping data for table `blooddonation`.`city`
--

/*!40000 ALTER TABLE `city` DISABLE KEYS */;
INSERT INTO `city` (`id`,`city_name`,`state_name`) VALUES 
 (1316,'Port Blair','Andaman and Nicobar Islands'),
 (1317,'Adilabad','Andhra Pradesh'),
 (1318,'Adoni','Andhra Pradesh'),
 (1319,'Amadalavalasa','Andhra Pradesh'),
 (1320,'Amalapuram','Andhra Pradesh'),
 (1321,'Ameenapuram','Andhra Pradesh'),
 (1322,'Anakapalle','Andhra Pradesh'),
 (1323,'Anantapur','Andhra Pradesh'),
 (1324,'Badepalle','Andhra Pradesh'),
 (1325,'Banganapalle','Andhra Pradesh'),
 (1326,'Bapatla','Andhra Pradesh'),
 (1327,'Bellampalle','Andhra Pradesh'),
 (1328,'Bethamcherla','Andhra Pradesh'),
 (1329,'Bhadrachalam','Andhra Pradesh'),
 (1330,'Bhainsa','Andhra Pradesh'),
 (1331,'Bheemunipatnam','Andhra Pradesh'),
 (1332,'Bhimavaram','Andhra Pradesh'),
 (1333,'Bhongir','Andhra Pradesh'),
 (1334,'Bobbili','Andhra Pradesh'),
 (1335,'Bodhan','Andhra Pradesh'),
 (1336,'Chapirevula','Andhra Pradesh'),
 (1337,'Chilakaluripet','Andhra Pradesh'),
 (1338,'Chirala','Andhra Pradesh'),
 (1339,'Chittoor','Andhra Pradesh'),
 (1340,'Cuddapah','Andhra Pradesh'),
 (1341,'Devarakonda','Andhra Pradesh');
INSERT INTO `city` (`id`,`city_name`,`state_name`) VALUES 
 (1342,'Dharmavaram','Andhra Pradesh'),
 (1343,'Eluru','Andhra Pradesh'),
 (1344,'Farooqnagar','Andhra Pradesh'),
 (1345,'Gadwal','Andhra Pradesh'),
 (1346,'Gooty','Andhra Pradesh'),
 (1347,'Gudivada','Andhra Pradesh'),
 (1348,'Gudur','Andhra Pradesh'),
 (1349,'Guntakal','Andhra Pradesh'),
 (1350,'Guntur','Andhra Pradesh'),
 (1351,'Hanuman Junction','Andhra Pradesh'),
 (1352,'Hindupur','Andhra Pradesh'),
 (1353,'Hyderabad','Andhra Pradesh'),
 (1354,'Ichchapuram','Andhra Pradesh'),
 (1355,'Jaggaiahpet','Andhra Pradesh'),
 (1356,'Jagtial','Andhra Pradesh'),
 (1357,'Jammalamadugu','Andhra Pradesh'),
 (1358,'Jangaon','Andhra Pradesh'),
 (1359,'Kadapa','Andhra Pradesh'),
 (1360,'Kadiri','Andhra Pradesh'),
 (1361,'Kagaznagar','Andhra Pradesh'),
 (1362,'Kakinada','Andhra Pradesh'),
 (1363,'Kalyandurg','Andhra Pradesh'),
 (1364,'Kamareddy','Andhra Pradesh'),
 (1365,'Kandukur','Andhra Pradesh'),
 (1366,'Karimnagar','Andhra Pradesh'),
 (1367,'Kavali','Andhra Pradesh'),
 (1368,'Khammam','Andhra Pradesh');
INSERT INTO `city` (`id`,`city_name`,`state_name`) VALUES 
 (1369,'Kodad','Andhra Pradesh'),
 (1370,'Koratla','Andhra Pradesh'),
 (1371,'Kothagudem','Andhra Pradesh'),
 (1372,'Kothapeta','Andhra Pradesh'),
 (1373,'Kovvur','Andhra Pradesh'),
 (1374,'Kurnool','Andhra Pradesh'),
 (1375,'Kyathampalle','Andhra Pradesh'),
 (1376,'Macherla','Andhra Pradesh'),
 (1377,'Machilipatnam','Andhra Pradesh'),
 (1378,'Madanapalle','Andhra Pradesh'),
 (1379,'Mahbubnagar','Andhra Pradesh'),
 (1380,'Mancherial','Andhra Pradesh'),
 (1381,'Mandamarri','Andhra Pradesh'),
 (1382,'Mandapeta','Andhra Pradesh'),
 (1383,'Mangalagiri','Andhra Pradesh'),
 (1384,'Manuguru','Andhra Pradesh'),
 (1385,'Markapur','Andhra Pradesh'),
 (1386,'Medak','Andhra Pradesh'),
 (1387,'Miryalaguda','Andhra Pradesh'),
 (1388,'Mogalthur','Andhra Pradesh'),
 (1389,'Nagari','Andhra Pradesh'),
 (1390,'Nagarkurnool','Andhra Pradesh'),
 (1391,'Nandyal','Andhra Pradesh'),
 (1392,'Narasapur','Andhra Pradesh'),
 (1393,'Narasaraopet','Andhra Pradesh'),
 (1394,'Narayanpet','Andhra Pradesh');
INSERT INTO `city` (`id`,`city_name`,`state_name`) VALUES 
 (1395,'Narsipatnam','Andhra Pradesh'),
 (1396,'Nellore','Andhra Pradesh'),
 (1397,'Nidadavole','Andhra Pradesh'),
 (1398,'Nirmal','Andhra Pradesh'),
 (1399,'Nizamabad','Andhra Pradesh'),
 (1400,'Nuzvid','Andhra Pradesh'),
 (1401,'Ongole','Andhra Pradesh'),
 (1402,'Palacole','Andhra Pradesh'),
 (1403,'Palasa Kasibugga','Andhra Pradesh'),
 (1404,'Pondur','Andhra Pradesh'),
 (1405,'Palwancha','Andhra Pradesh'),
 (1406,'Parvathipuram','Andhra Pradesh'),
 (1407,'Pedana','Andhra Pradesh'),
 (1408,'Peddapuram','Andhra Pradesh'),
 (1409,'Penuganchiprolu','Andhra Pradesh'),
 (1410,'Pithapuram','Andhra Pradesh'),
 (1411,'Ponnur','Andhra Pradesh'),
 (1412,'Proddatur','Andhra Pradesh'),
 (1413,'Punganur','Andhra Pradesh'),
 (1414,'Puttur','Andhra Pradesh'),
 (1415,'Rajahmundry','Andhra Pradesh'),
 (1416,'Rajam','Andhra Pradesh'),
 (1417,'Rajampet','Andhra Pradesh'),
 (1418,'Ramachandrapuram','Andhra Pradesh'),
 (1419,'Ramagundam','Andhra Pradesh'),
 (1420,'Rayachoti','Andhra Pradesh');
INSERT INTO `city` (`id`,`city_name`,`state_name`) VALUES 
 (1421,'Rayadurg','Andhra Pradesh'),
 (1422,'Renigunta','Andhra Pradesh'),
 (1423,'Repalle','Andhra Pradesh'),
 (1424,'Sadasivpet','Andhra Pradesh'),
 (1425,'Salur','Andhra Pradesh'),
 (1426,'Samalkot','Andhra Pradesh'),
 (1427,'Sangareddy','Andhra Pradesh'),
 (1428,'Sattenapalle','Andhra Pradesh'),
 (1429,'Siddipet','Andhra Pradesh'),
 (1430,'Singapur','Andhra Pradesh'),
 (1431,'Sircilla','Andhra Pradesh'),
 (1432,'Srikakulam','Andhra Pradesh'),
 (1433,'Srikalahasti','Andhra Pradesh'),
 (1434,'Srisailam Project (Right Flank Colony) Township','Andhra Pradesh'),
 (1435,'Suryapet','Andhra Pradesh'),
 (1436,'Tadepalligudem','Andhra Pradesh'),
 (1437,'Tadpatri','Andhra Pradesh'),
 (1438,'Tandur','Andhra Pradesh'),
 (1439,'Tanuku','Andhra Pradesh'),
 (1440,'Tenali','Andhra Pradesh'),
 (1441,'Tirupati','Andhra Pradesh'),
 (1442,'Tiruvuru','Andhra Pradesh'),
 (1443,'Tuni','Andhra Pradesh'),
 (1444,'Uravakonda','Andhra Pradesh'),
 (1445,'Venkatagiri','Andhra Pradesh'),
 (1446,'Vicarabad','Andhra Pradesh');
INSERT INTO `city` (`id`,`city_name`,`state_name`) VALUES 
 (1447,'Vijayawada','Andhra Pradesh'),
 (1448,'Vinukonda','Andhra Pradesh'),
 (1449,'Visakhapatnam','Andhra Pradesh'),
 (1450,'Vizianagaram','Andhra Pradesh'),
 (1451,'Wanaparthy','Andhra Pradesh'),
 (1452,'Warangal','Andhra Pradesh'),
 (1453,'Yellandu','Andhra Pradesh'),
 (1454,'Yemmiganur','Andhra Pradesh'),
 (1455,'Yerraguntla','Andhra Pradesh'),
 (1456,'Along','Arunachal Pradesh'),
 (1457,'Bomdila','Arunachal Pradesh'),
 (1458,'Itanagar','Arunachal Pradesh'),
 (1459,'Naharlagun','Arunachal Pradesh'),
 (1460,'Pasighat','Arunachal Pradesh'),
 (1461,'Amguri','Assam'),
 (1462,'Anandnagaar','Assam'),
 (1463,'Barpeta','Assam'),
 (1464,'Barpeta Road','Assam'),
 (1465,'Bilasipara','Assam'),
 (1466,'Bongaigaon City','Assam'),
 (1467,'Dhekiajuli','Assam'),
 (1468,'Dhubri','Assam'),
 (1469,'Dibrugarh','Assam'),
 (1470,'Digboi','Assam'),
 (1471,'Diphu','Assam'),
 (1472,'Dispur','Assam'),
 (1473,'Duliajan Oil Town','Assam'),
 (1474,'Gauripur','Assam'),
 (1475,'Goalpara','Assam');
INSERT INTO `city` (`id`,`city_name`,`state_name`) VALUES 
 (1476,'Golaghat','Assam'),
 (1477,'Guwahati','Assam'),
 (1478,'Haflong','Assam'),
 (1479,'Hailakandi','Assam'),
 (1480,'Hojai','Assam'),
 (1481,'Jorhat','Assam'),
 (1482,'Karimganj','Assam'),
 (1483,'Kokrajhar','Assam'),
 (1484,'Lanka','Assam'),
 (1485,'Lumding','Assam'),
 (1486,'Mangaldoi','Assam'),
 (1487,'Mankachar','Assam'),
 (1488,'Margherita','Assam'),
 (1489,'Mariani','Assam'),
 (1490,'Marigaon','Assam'),
 (1491,'Nagaon','Assam'),
 (1492,'Nalbari','Assam'),
 (1493,'North Lakhimpur','Assam'),
 (1494,'Rangia','Assam'),
 (1495,'Sibsagar','Assam'),
 (1496,'Silapathar','Assam'),
 (1497,'Silchar','Assam'),
 (1498,'Tezpur','Assam'),
 (1499,'Tinsukia','Assam'),
 (1500,'Amarpur','Bihar'),
 (1501,'Araria','Bihar'),
 (1502,'Areraj','Bihar'),
 (1503,'Arrah','Bihar'),
 (1504,'Arwal','Bihar'),
 (1505,'Asarganj','Bihar'),
 (1506,'Aurangabad','Bihar'),
 (1507,'Bagaha','Bihar'),
 (1508,'Bahadurganj','Bihar'),
 (1509,'Bairgania','Bihar'),
 (1510,'Bakhtiarpur','Bihar');
INSERT INTO `city` (`id`,`city_name`,`state_name`) VALUES 
 (1511,'Banka','Bihar'),
 (1512,'Banmankhi Bazar','Bihar'),
 (1513,'Barahiya','Bihar'),
 (1514,'Barauli','Bihar'),
 (1515,'Barbigha','Bihar'),
 (1516,'Barh','Bihar'),
 (1517,'Begusarai','Bihar'),
 (1518,'Behea','Bihar'),
 (1519,'Bettiah','Bihar'),
 (1520,'Bhabua','Bihar'),
 (1521,'Bhagalpur','Bihar'),
 (1522,'Bihar Sharif','Bihar'),
 (1523,'Bikramganj','Bihar'),
 (1524,'Bodh Gaya','Bihar'),
 (1525,'Buxar','Bihar'),
 (1526,'Chanpatia','Bihar'),
 (1527,'Chhapra','Bihar'),
 (1528,'Colgong','Bihar'),
 (1529,'Chandan Bara','Bihar'),
 (1530,'Dalsinghsarai','Bihar'),
 (1531,'Darbhanga','Bihar'),
 (1532,'Daudnagar','Bihar'),
 (1533,'Dehri-on-Sone','Bihar'),
 (1534,'Dighwara','Bihar'),
 (1535,'Dumraon','Bihar'),
 (1536,'Fatwah','Bihar'),
 (1537,'Forbesganj','Bihar'),
 (1538,'Gaya','Bihar'),
 (1539,'Gogri Jamalpur','Bihar'),
 (1540,'Gopalganj','Bihar'),
 (1541,'Hajipur','Bihar'),
 (1542,'Hilsa','Bihar'),
 (1543,'Hisua','Bihar'),
 (1544,'Islampur','Bihar'),
 (1545,'Jagdispur','Bihar');
INSERT INTO `city` (`id`,`city_name`,`state_name`) VALUES 
 (1546,'Jamalpur','Bihar'),
 (1547,'Jamui','Bihar'),
 (1548,'Jehanabad','Bihar'),
 (1549,'Jhajha','Bihar'),
 (1550,'Jhanjharpur','Bihar'),
 (1551,'Jogabani','Bihar'),
 (1552,'Kanti','Bihar'),
 (1553,'Katihar','Bihar'),
 (1554,'Khagaria','Bihar'),
 (1555,'Kharagpur','Bihar'),
 (1556,'Kishanganj','Bihar'),
 (1557,'Lakhisarai','Bihar'),
 (1558,'Lalganj','Bihar'),
 (1559,'Madhepura','Bihar'),
 (1560,'Madhubani','Bihar'),
 (1561,'Maharajganj','Bihar'),
 (1562,'Mahnar Bazar','Bihar'),
 (1563,'Makhdumpur','Bihar'),
 (1564,'Maner','Bihar'),
 (1565,'Manihari','Bihar'),
 (1566,'Marhaura','Bihar'),
 (1567,'Masaurhi','Bihar'),
 (1568,'Mirganj','Bihar'),
 (1569,'Mohania','Bihar'),
 (1570,'Mokama','Bihar'),
 (1571,'Mokameh','Bihar'),
 (1572,'Motihari','Bihar'),
 (1573,'Motipur','Bihar'),
 (1574,'Munger','Bihar'),
 (1575,'Murliganj','Bihar'),
 (1576,'Muzaffarpur','Bihar'),
 (1577,'Nalanda','Bihar'),
 (1578,'Narkatiaganj','Bihar'),
 (1579,'Naugachhia','Bihar'),
 (1580,'Nawada','Bihar');
INSERT INTO `city` (`id`,`city_name`,`state_name`) VALUES 
 (1581,'Nokha','Bihar'),
 (1582,'Patna','Bihar'),
 (1583,'Piro','Bihar'),
 (1584,'Purnia','Bihar'),
 (1585,'Rafiganj','Bihar'),
 (1586,'Rajgir','Bihar'),
 (1587,'Ramnagar','Bihar'),
 (1588,'Raxaul Bazar','Bihar'),
 (1589,'Revelganj','Bihar'),
 (1590,'Rosera','Bihar'),
 (1591,'Saharsa','Bihar'),
 (1592,'Samastipur','Bihar'),
 (1593,'Sasaram','Bihar'),
 (1594,'Sheikhpura','Bihar'),
 (1595,'Sheohar','Bihar'),
 (1596,'Sherghati','Bihar'),
 (1597,'Silao','Bihar'),
 (1598,'Sitamarhi','Bihar'),
 (1599,'Siwan','Bihar'),
 (1600,'Sonepur','Bihar'),
 (1601,'Sugauli','Bihar'),
 (1602,'Sultanganj','Bihar'),
 (1603,'Supaul','Bihar'),
 (1604,'Warisaliganj','Bihar'),
 (1605,'Chandigarh-The Beautiful City','Chandigarh'),
 (1606,'Ahiwara','Chhattisgarh'),
 (1607,'Akaltara','Chhattisgarh'),
 (1608,'Ambagarh Chowki','Chhattisgarh'),
 (1609,'Ambikapur','Chhattisgarh'),
 (1610,'Arang','Chhattisgarh'),
 (1611,'Bade Bacheli','Chhattisgarh'),
 (1612,'Balod','Chhattisgarh'),
 (1613,'Baloda Bazar','Chhattisgarh');
INSERT INTO `city` (`id`,`city_name`,`state_name`) VALUES 
 (1614,'Basna','Chhattisgarh'),
 (1615,'Bemetra','Chhattisgarh'),
 (1616,'Bhatapara','Chhattisgarh'),
 (1617,'Bhilai','Chhattisgarh'),
 (1618,'Bilaspur','Chhattisgarh'),
 (1619,'Birgaon','Chhattisgarh'),
 (1620,'Champa','Chhattisgarh'),
 (1621,'Chirmiri','Chhattisgarh'),
 (1622,'Dalli-Rajhara','Chhattisgarh'),
 (1623,'Dhamtari','Chhattisgarh'),
 (1624,'Dipka','Chhattisgarh'),
 (1625,'Dongargarh','Chhattisgarh'),
 (1626,'Durg-Bhilai Nagar','Chhattisgarh'),
 (1627,'Gobranawapara','Chhattisgarh'),
 (1628,'Jagdalpur','Chhattisgarh'),
 (1629,'Janjgir','Chhattisgarh'),
 (1630,'Jashpurnagar','Chhattisgarh'),
 (1631,'Kanker','Chhattisgarh'),
 (1632,'Kawardha','Chhattisgarh'),
 (1633,'Kondagaon','Chhattisgarh'),
 (1634,'Korba','Chhattisgarh'),
 (1635,'Mahasamund','Chhattisgarh'),
 (1636,'Mahendragarh','Chhattisgarh'),
 (1637,'Mungeli','Chhattisgarh'),
 (1638,'Naila Janjgir','Chhattisgarh'),
 (1639,'Nawagarh','Chhattisgarh'),
 (1640,'Raigarh','Chhattisgarh'),
 (1641,'Raipur','Chhattisgarh');
INSERT INTO `city` (`id`,`city_name`,`state_name`) VALUES 
 (1642,'Rajnandgaon','Chhattisgarh'),
 (1643,'Sakti','Chhattisgarh'),
 (1644,'Tilda Newra','Chhattisgarh'),
 (1645,'Amli','Dadra and Nagar Haveli'),
 (1646,'Silvassa','Dadra and Nagar Haveli'),
 (1647,'Daman and Diu','Daman and Diu'),
 (1648,'Asola','Delhi'),
 (1649,'Bawana','Delhi'),
 (1650,'Bhajanpura','Delhi'),
 (1651,'Delhi','Delhi'),
 (1652,'Najafgarh','Delhi'),
 (1653,'Narela','Delhi'),
 (1654,'New Delhi','Delhi'),
 (1655,'Aldona','Goa'),
 (1656,'Curchorem Cacora','Goa'),
 (1657,'Goa Velha','Goa'),
 (1658,'Margao','Goa'),
 (1659,'Mapusa','Goa'),
 (1660,'Margao','Goa'),
 (1661,'Marmagao','Goa'),
 (1662,'Panaji','Goa'),
 (1663,'Adalaj','Gujarat'),
 (1664,'Adityana','Gujarat'),
 (1665,'Ahmedabad','Gujarat'),
 (1666,'Alang','Gujarat'),
 (1667,'Ambaji','Gujarat'),
 (1668,'Ambaliyasan','Gujarat'),
 (1669,'Amreli','Gujarat'),
 (1670,'Anand','Gujarat'),
 (1671,'Andada','Gujarat'),
 (1672,'Anjar','Gujarat'),
 (1673,'Anklav','Gujarat'),
 (1674,'Ankleshwar','Gujarat');
INSERT INTO `city` (`id`,`city_name`,`state_name`) VALUES 
 (1675,'Antaliya','Gujarat'),
 (1676,'Arambhada','Gujarat'),
 (1677,'Atul','Gujarat'),
 (1678,'Bharuch','Gujarat'),
 (1679,'Bhavnagar','Gujarat'),
 (1680,'Bhuj','Gujarat'),
 (1681,'Dahod','Gujarat'),
 (1682,'Deesa','Gujarat'),
 (1683,'Dehegam','Gujarat'),
 (1684,'Dharampur','Gujarat'),
 (1685,'Dholka','Gujarat'),
 (1686,'Dhoraji','Gujarat'),
 (1687,'Dwarka','Gujarat'),
 (1688,'Gandhidham','Gujarat'),
 (1689,'Gandhinagar','Gujarat'),
 (1690,'Godhra','Gujarat'),
 (1691,'Himatnagar','Gujarat'),
 (1692,'Idar','Gujarat'),
 (1693,'Jamnagar','Gujarat'),
 (1694,'Junagadh','Gujarat'),
 (1695,'Kadi','Gujarat'),
 (1696,'Kalavad','Gujarat'),
 (1697,'Kalol','Gujarat'),
 (1698,'Kapadvanj','Gujarat'),
 (1699,'Karjan','Gujarat'),
 (1700,'Keshod','Gujarat'),
 (1701,'Khambhalia','Gujarat'),
 (1702,'Khambhat','Gujarat'),
 (1703,'Kheda','Gujarat'),
 (1704,'Khedbrahma','Gujarat'),
 (1705,'Kheralu','Gujarat'),
 (1706,'Kodinar','Gujarat'),
 (1707,'Lathi','Gujarat'),
 (1708,'Limbdi','Gujarat');
INSERT INTO `city` (`id`,`city_name`,`state_name`) VALUES 
 (1709,'Lunawada','Gujarat'),
 (1710,'Mahesana','Gujarat'),
 (1711,'Mahuva','Gujarat'),
 (1712,'Manavadar','Gujarat'),
 (1713,'Mandvi','Gujarat'),
 (1714,'Mangrol','Gujarat'),
 (1715,'Mansa','Gujarat'),
 (1716,'Mehmedabad','Gujarat'),
 (1717,'Mithapur','Gujarat'),
 (1718,'Modasa','Gujarat'),
 (1719,'Morvi','Gujarat'),
 (1720,'Nadiad','Gujarat'),
 (1721,'Navsari','Gujarat'),
 (1722,'Padra','Gujarat'),
 (1723,'Palanpur','Gujarat'),
 (1724,'Palitana','Gujarat'),
 (1725,'Pardi','Gujarat'),
 (1726,'Patan','Gujarat'),
 (1727,'Petlad','Gujarat'),
 (1728,'Porbandar','Gujarat'),
 (1729,'Radhanpur','Gujarat'),
 (1730,'Rajkot','Gujarat'),
 (1731,'Rajpipla','Gujarat'),
 (1732,'Rajula','Gujarat'),
 (1733,'Ranavav','Gujarat'),
 (1734,'Rapar','Gujarat'),
 (1735,'Salaya','Gujarat'),
 (1736,'Sanand','Gujarat'),
 (1737,'Savarkundla','Gujarat'),
 (1738,'Sidhpur','Gujarat'),
 (1739,'Sihor','Gujarat'),
 (1740,'Songadh','Gujarat'),
 (1741,'Surat','Gujarat'),
 (1742,'Talaja','Gujarat');
INSERT INTO `city` (`id`,`city_name`,`state_name`) VALUES 
 (1743,'Thangadh','Gujarat'),
 (1744,'Tharad','Gujarat'),
 (1745,'Umbergaon','Gujarat'),
 (1746,'Umreth','Gujarat'),
 (1747,'Una','Gujarat'),
 (1748,'Unjha','Gujarat'),
 (1749,'Upleta','Gujarat'),
 (1750,'Vadnagar','Gujarat'),
 (1751,'Vadodara','Gujarat'),
 (1752,'Valsad','Gujarat'),
 (1753,'Vapi','Gujarat'),
 (1754,'Vapi','Gujarat'),
 (1755,'Veraval','Gujarat'),
 (1756,'Vijapur','Gujarat'),
 (1757,'Viramgam','Gujarat'),
 (1758,'Visnagar','Gujarat'),
 (1759,'Vyara','Gujarat'),
 (1760,'Wadhwan','Gujarat'),
 (1761,'Wankaner','Gujarat'),
 (1762,'Asankhurd','Haryana'),
 (1763,'Assandh','Haryana'),
 (1764,'Ateli','Haryana'),
 (1765,'Babiyal','Haryana'),
 (1766,'Bahadurgarh','Haryana'),
 (1767,'Ballabhgarh','Haryana'),
 (1768,'Barwala','Haryana'),
 (1769,'Bawal','Haryana'),
 (1770,'Bhiwani','Haryana'),
 (1771,'Charkhi Dadri','Haryana'),
 (1772,'Cheeka','Haryana'),
 (1773,'Ellenabad','Haryana'),
 (1774,'Faridabad','Haryana'),
 (1775,'Fatehabad','Haryana'),
 (1776,'Ganaur','Haryana');
INSERT INTO `city` (`id`,`city_name`,`state_name`) VALUES 
 (1777,'Gharaunda','Haryana'),
 (1778,'Gohana','Haryana'),
 (1779,'Gurgaon','Haryana'),
 (1780,'Hansi','Haryana'),
 (1781,'Hisar','Haryana'),
 (1782,'Hodal','Haryana'),
 (1783,'Jagadhri','Haryana'),
 (1784,'Jhajjar','Haryana'),
 (1785,'Jind','Haryana'),
 (1786,'Kaithal','Haryana'),
 (1787,'Kalan Wali','Haryana'),
 (1788,'Kalka','Haryana'),
 (1789,'Karnal','Haryana'),
 (1790,'Kurukshetra','Haryana'),
 (1791,'Ladwa','Haryana'),
 (1792,'Mahendragarh','Haryana'),
 (1793,'Mandi Dabwali','Haryana'),
 (1794,'Manesar','Haryana'),
 (1795,'Narnaul','Haryana'),
 (1796,'Narwana','Haryana'),
 (1797,'Palwal','Haryana'),
 (1798,'Panchkula','Haryana'),
 (1799,'Panipat','Haryana'),
 (1800,'Pehowa','Haryana'),
 (1801,'Pinjore','Haryana'),
 (1802,'Rania','Haryana'),
 (1803,'Ratia','Haryana'),
 (1804,'Rewari','Haryana'),
 (1805,'Rohtak','Haryana'),
 (1806,'Safidon','Haryana'),
 (1807,'Samalkha','Haryana'),
 (1808,'Sarsod','Haryana'),
 (1809,'Shahbad','Haryana'),
 (1810,'Sirsa','Haryana');
INSERT INTO `city` (`id`,`city_name`,`state_name`) VALUES 
 (1811,'Sohna','Haryana'),
 (1812,'Sonipat','Haryana'),
 (1813,'Taraori','Haryana'),
 (1814,'Thanesar','Haryana'),
 (1815,'Tohana','Haryana'),
 (1816,'Yamunanagar','Haryana'),
 (1817,'Arki','Himachal Pradesh'),
 (1818,'Baddi','Himachal Pradesh'),
 (1819,'Bilaspur','Himachal Pradesh'),
 (1820,'Chamba','Himachal Pradesh'),
 (1821,'Dalhousie','Himachal Pradesh'),
 (1822,'Dharamsala','Himachal Pradesh'),
 (1823,'Hamirpur','Himachal Pradesh'),
 (1824,'Keylong','Himachal Pradesh'),
 (1825,'Mandi','Himachal Pradesh'),
 (1826,'Nahan','Himachal Pradesh'),
 (1827,'Shimla','Himachal Pradesh'),
 (1828,'Solan','Himachal Pradesh'),
 (1829,'Sundarnagar','Himachal Pradesh'),
 (1830,'Achabal','Jammu and Kashmir'),
 (1831,'Akhnoor','Jammu and Kashmir'),
 (1832,'Anantnag','Jammu and Kashmir'),
 (1833,'Arnia','Jammu and Kashmir'),
 (1834,'Awantipora','Jammu and Kashmir'),
 (1835,'Bandipore','Jammu and Kashmir'),
 (1836,'Baramula','Jammu and Kashmir'),
 (1837,'Bijbehara','Jammu and Kashmir');
INSERT INTO `city` (`id`,`city_name`,`state_name`) VALUES 
 (1838,'Jammu','Jammu and Kashmir'),
 (1839,'Kathua','Jammu and Kashmir'),
 (1840,'Katra','Jammu and Kashmir'),
 (1841,'Leh','Jammu and Kashmir'),
 (1842,'Punch','Jammu and Kashmir'),
 (1843,'Rajauri','Jammu and Kashmir'),
 (1844,'Sopore','Jammu and Kashmir'),
 (1845,'Srinagar','Jammu and Kashmir'),
 (1846,'Udhampur','Jammu and Kashmir'),
 (1847,'Amlabad','Jharkhand'),
 (1848,'Ara','Jharkhand'),
 (1849,'Barughutu','Jharkhand'),
 (1850,'Bokaro Steel City','Jharkhand'),
 (1851,'Chaibasa','Jharkhand'),
 (1852,'Chakradharpur','Jharkhand'),
 (1853,'Chandil','Jharkhand'),
 (1854,'Chandrapura','Jharkhand'),
 (1855,'Chatra','Jharkhand'),
 (1856,'Chirkunda','Jharkhand'),
 (1857,'Churi','Jharkhand'),
 (1858,'Daltonganj','Jharkhand'),
 (1859,'Deoghar','Jharkhand'),
 (1860,'Dhanbad','Jharkhand'),
 (1861,'Dumka','Jharkhand'),
 (1862,'Garhwa','Jharkhand'),
 (1863,'Ghatshila','Jharkhand'),
 (1864,'Giridih','Jharkhand'),
 (1865,'Godda','Jharkhand'),
 (1866,'Gomoh','Jharkhand');
INSERT INTO `city` (`id`,`city_name`,`state_name`) VALUES 
 (1867,'Gumia','Jharkhand'),
 (1868,'Gumla','Jharkhand'),
 (1869,'Hazaribag','Jharkhand'),
 (1870,'Hussainabad','Jharkhand'),
 (1871,'Jamshedpur','Jharkhand'),
 (1872,'Jamtara','Jharkhand'),
 (1873,'Jhumri Tilaiya','Jharkhand'),
 (1874,'Khunti','Jharkhand'),
 (1875,'Lohardaga','Jharkhand'),
 (1876,'Madhupur','Jharkhand'),
 (1877,'Mihijam','Jharkhand'),
 (1878,'Musabani','Jharkhand'),
 (1879,'Pakaur','Jharkhand'),
 (1880,'Patratu','Jharkhand'),
 (1881,'Phusro','Jharkhand'),
 (1882,'Ramngarh','Jharkhand'),
 (1883,'Ranchi','Jharkhand'),
 (1884,'Sahibganj','Jharkhand'),
 (1885,'Saunda','Jharkhand'),
 (1886,'Simdega','Jharkhand'),
 (1887,'Tenu Dam-cum-Kathhara','Jharkhand'),
 (1888,'Pereyaapatna','Karnataka'),
 (1889,'Adiyara','Karnataka'),
 (1890,'Afzalpura','Karnataka'),
 (1891,'Alandha','Karnataka'),
 (1892,'Aalanavara','Karnataka'),
 (1893,'Alur','Karnataka'),
 (1894,'Ambikaanagara','Karnataka'),
 (1895,'Anekal','Karnataka'),
 (1896,'Ankola','Karnataka'),
 (1897,'Annigeri','Karnataka');
INSERT INTO `city` (`id`,`city_name`,`state_name`) VALUES 
 (1898,'Arsikere','Karnataka'),
 (1899,'Arkalgud','Karnataka'),
 (1900,'Athni','Karnataka'),
 (1901,'Aurad','Karnataka'),
 (1902,'Babaleshwar','Karnataka'),
 (1903,'Bangalore','Karnataka'),
 (1904,'Basavan Bagevadi','Karnataka'),
 (1905,'Belgaum','Karnataka'),
 (1906,'Ballary','Karnataka'),
 (1907,'Bidar','Karnataka'),
 (1908,'Bijapur','Karnataka'),
 (1909,'Chadchan','Karnataka'),
 (1910,'Chamarajanagara','Karnataka'),
 (1911,'Chikkodi','Karnataka'),
 (1912,'Chikkamagalur','Karnataka'),
 (1913,'Chinthaamani','Karnataka'),
 (1914,'Chitradurga','Karnataka'),
 (1915,'Chikkaballapura','Karnataka'),
 (1916,'Davanagere','Karnataka'),
 (1917,'Devar Hipparagi','Karnataka'),
 (1918,'Dharwad','Karnataka'),
 (1919,'Gadhaga/Gadag','Karnataka'),
 (1920,'Gauribidanur','Karnataka'),
 (1921,'Gokak','Karnataka'),
 (1922,'Gulbarga','Karnataka'),
 (1923,'Gundlupet','Karnataka'),
 (1924,'Haasana','Karnataka'),
 (1925,'Hosapet','Karnataka'),
 (1926,'Hubbali','Karnataka'),
 (1927,'Hukkeri','Karnataka');
INSERT INTO `city` (`id`,`city_name`,`state_name`) VALUES 
 (1928,'Indi','Karnataka'),
 (1929,'Kalburgi','Karnataka'),
 (1930,'Kaarkala','Karnataka'),
 (1931,'Karwar','Karnataka'),
 (1932,'Kolar','Karnataka'),
 (1933,'Kolhar','Karnataka'),
 (1934,'Kota','Karnataka'),
 (1935,'Lakshmishawara','Karnataka'),
 (1936,'Lingsuguru','Karnataka'),
 (1937,'Maddhuru','Karnataka'),
 (1938,'Madhugiri','Karnataka'),
 (1939,'Madikeri','Karnataka'),
 (1940,'Maagadi','Karnataka'),
 (1941,'Mahalingapura','Karnataka'),
 (1942,'Malavalli','Karnataka'),
 (1943,'Maaluru','Karnataka'),
 (1944,'Mandya','Karnataka'),
 (1945,'Mangalore','Karnataka'),
 (1946,'Maanvi','Karnataka'),
 (1947,'Mudalagi','Karnataka'),
 (1948,'Mudabidri','Karnataka'),
 (1949,'Muddebihala','Karnataka'),
 (1950,'Mudhola','Karnataka'),
 (1951,'Mulabaagilu','Karnataka'),
 (1952,'Mundaragi','Karnataka'),
 (1953,'Delhi','Karnataka'),
 (1954,'Nidagundi','Karnataka'),
 (1955,'Nanjanagoodu','Karnataka'),
 (1956,'Nippani','Karnataka'),
 (1957,'Paavagada','Karnataka'),
 (1958,'Puthooru','Karnataka');
INSERT INTO `city` (`id`,`city_name`,`state_name`) VALUES 
 (1959,'Rabakavi Banahatti','Karnataka'),
 (1960,'Raayachuru','Karnataka'),
 (1961,'Raamanagara','Karnataka'),
 (1962,'Raamadurga','Karnataka'),
 (1963,'Ranibennur','Karnataka'),
 (1964,'Robertson Pet','Karnataka'),
 (1965,'Ron','Karnataka'),
 (1966,'Sadalaga','Karnataka'),
 (1967,'Sagara','Karnataka'),
 (1968,'Sakaleshapura','Karnataka'),
 (1969,'Sindagi','Karnataka'),
 (1970,'Sandur','Karnataka'),
 (1971,'Sankeshwara','Karnataka'),
 (1972,'Soudaththi-Yellamma','Karnataka'),
 (1973,'Savanur','Karnataka'),
 (1974,'Sedam','Karnataka'),
 (1975,'Shahabad','Karnataka'),
 (1976,'Shahapura','Karnataka'),
 (1977,'Shiggaavi','Karnataka'),
 (1978,'Shikapur','Karnataka'),
 (1979,'Shivamogga','Karnataka'),
 (1980,'Surapura','Karnataka'),
 (1981,'Shree Rangapattana','Karnataka'),
 (1982,'Sidhalaghatta','Karnataka'),
 (1983,'Sindhagi','Karnataka'),
 (1984,'Sindhanooru','Karnataka'),
 (1985,'Sira','Karnataka'),
 (1986,'Sirsi','Karnataka'),
 (1987,'Sheraguppa','Karnataka'),
 (1988,'Shreenivaasapura','Karnataka');
INSERT INTO `city` (`id`,`city_name`,`state_name`) VALUES 
 (1989,'Thaalikote','Karnataka'),
 (1990,'Tarikere','Karnataka'),
 (1991,'Tekkalakote','Karnataka'),
 (1992,'Thergallu','Karnataka'),
 (1993,'Tikota','Karnataka'),
 (1994,'Talikota','Karnataka'),
 (1995,'Thipatooru','Karnataka'),
 (1996,'Tumkur','Karnataka'),
 (1997,'Udupi','Karnataka'),
 (1998,'Ugar','Karnataka'),
 (1999,'Vijayapura','Karnataka'),
 (2000,'Wadi','Karnataka'),
 (2001,'Yaadhagiri','Karnataka'),
 (2002,'Adoor','Kerala'),
 (2003,'Akathiyoor','Kerala'),
 (2004,'Alappuzha','Kerala'),
 (2005,'Ancharakandy','Kerala'),
 (2006,'Aroor','Kerala'),
 (2007,'Ashtamichira','Kerala'),
 (2008,'Attingal','Kerala'),
 (2009,'Avinissery','Kerala'),
 (2010,'Chalakudy','Kerala'),
 (2011,'Changanassery','Kerala'),
 (2012,'Chendamangalam','Kerala'),
 (2013,'Chengannur','Kerala'),
 (2014,'Cherthala','Kerala'),
 (2015,'Cheruthazham','Kerala'),
 (2016,'Chittur-Thathamangalam','Kerala'),
 (2017,'Chockli','Kerala'),
 (2018,'Erattupetta','Kerala'),
 (2019,'Edathua','Kerala');
INSERT INTO `city` (`id`,`city_name`,`state_name`) VALUES 
 (2020,'Guruvayoor','Kerala'),
 (2021,'Haripad','Kerala'),
 (2022,'Irinjalakuda','Kerala'),
 (2023,'Idukki','Kerala'),
 (2024,'Kadirur','Kerala'),
 (2025,'Kalliasseri','Kerala'),
 (2026,'Kalpetta','Kerala'),
 (2027,'Kanhangad','Kerala'),
 (2028,'Kanjikkuzhi','Kerala'),
 (2029,'Kannur','Kerala'),
 (2030,'Kasaragod','Kerala'),
 (2031,'Kayamkulam','Kerala'),
 (2032,'Kochi','Kerala'),
 (2033,'Kodungallur','Kerala'),
 (2034,'Kollam','Kerala'),
 (2035,'Koothuparamba','Kerala'),
 (2036,'Kothamangalam','Kerala'),
 (2037,'Kottayam','Kerala'),
 (2038,'Kozhikode','Kerala'),
 (2039,'Kozhencherry','Kerala'),
 (2040,'Kunnamkulam','Kerala'),
 (2041,'Malappuram','Kerala'),
 (2042,'Mattannur','Kerala'),
 (2043,'Mavelikkara','Kerala'),
 (2044,'Mavoor','Kerala'),
 (2045,'Muvattupuzha','Kerala'),
 (2046,'Nedumangad','Kerala'),
 (2047,'Neyyattinkara','Kerala'),
 (2048,'Nilambur','Kerala'),
 (2049,'Ottappalam','Kerala'),
 (2050,'Palai','Kerala'),
 (2051,'Palakkad','Kerala'),
 (2052,'Panamattom','Kerala');
INSERT INTO `city` (`id`,`city_name`,`state_name`) VALUES 
 (2053,'Panniyannur','Kerala'),
 (2054,'Pappinisseri','Kerala'),
 (2055,'Paravoor','Kerala'),
 (2056,'Pathanamthitta','Kerala'),
 (2057,'Peringathur','Kerala'),
 (2058,'Perinthalmanna','Kerala'),
 (2059,'Perumbavoor','Kerala'),
 (2060,'Ponkunnam','Kerala'),
 (2061,'Ponnani','Kerala'),
 (2062,'Punalur','Kerala'),
 (2063,'Puthuppally','Kerala'),
 (2064,'Quilandy','Kerala'),
 (2065,'Shoranur','Kerala'),
 (2066,'Taliparamba','Kerala'),
 (2067,'Thiruvalla','Kerala'),
 (2068,'Trivandrum','Kerala'),
 (2069,'Thodupuzha','Kerala'),
 (2070,'Thrissur','Kerala'),
 (2071,'Tirur','Kerala'),
 (2072,'Vadakara','Kerala'),
 (2073,'Vaikom','Kerala'),
 (2074,'Varkala','Kerala'),
 (2075,'Amini','Lakshadweep'),
 (2076,'Kavaratti','Lakshadweep'),
 (2077,'Ashok Nagar','Madhya Pradesh'),
 (2078,'Badagaon','Madhya Pradesh'),
 (2079,'Balaghat','Madhya Pradesh'),
 (2080,'Barwani','Madhya Pradesh'),
 (2081,'Betul','Madhya Pradesh'),
 (2082,'Bhopal','Madhya Pradesh'),
 (2083,'Burhanpur','Madhya Pradesh');
INSERT INTO `city` (`id`,`city_name`,`state_name`) VALUES 
 (2084,'Chhatarpur','Madhya Pradesh'),
 (2085,'Chhindwara','Madhya Pradesh'),
 (2086,'Chitrakoot','Madhya Pradesh'),
 (2087,'Dabra','Madhya Pradesh'),
 (2088,'Damoh','Madhya Pradesh'),
 (2089,'Datia','Madhya Pradesh'),
 (2090,'Dewas','Madhya Pradesh'),
 (2091,'Dhar','Madhya Pradesh'),
 (2092,'Fatehabad','Madhya Pradesh'),
 (2093,'Gadarwara','Madhya Pradesh'),
 (2094,'Guna','Madhya Pradesh'),
 (2095,'Gwalior','Madhya Pradesh'),
 (2096,'Harda','Madhya Pradesh'),
 (2097,'Indore','Madhya Pradesh'),
 (2098,'Itarsi','Madhya Pradesh'),
 (2099,'Jabalpur','Madhya Pradesh'),
 (2100,'Jhabua','Madhya Pradesh'),
 (2101,'Kailaras','Madhya Pradesh'),
 (2102,'Katni','Madhya Pradesh'),
 (2103,'Khurai','Madhya Pradesh'),
 (2104,'Kotma','Madhya Pradesh'),
 (2105,'Lahar','Madhya Pradesh'),
 (2106,'Lundi','Madhya Pradesh'),
 (2107,'Maharajpur','Madhya Pradesh'),
 (2108,'Mahidpur','Madhya Pradesh'),
 (2109,'Maihar','Madhya Pradesh'),
 (2110,'Malajkhand','Madhya Pradesh'),
 (2111,'Manasa','Madhya Pradesh');
INSERT INTO `city` (`id`,`city_name`,`state_name`) VALUES 
 (2112,'Manawar','Madhya Pradesh'),
 (2113,'Mandideep','Madhya Pradesh'),
 (2114,'Mandla','Madhya Pradesh'),
 (2115,'Mandsaur','Madhya Pradesh'),
 (2116,'Mauganj','Madhya Pradesh'),
 (2117,'Mhow Cantonment','Madhya Pradesh'),
 (2118,'Mhowgaon','Madhya Pradesh'),
 (2119,'Morena','Madhya Pradesh'),
 (2120,'Multai','Madhya Pradesh'),
 (2121,'Mundi','Madhya Pradesh'),
 (2122,'Murwara','Madhya Pradesh'),
 (2123,'Nagda','Madhya Pradesh'),
 (2124,'Nainpur','Madhya Pradesh'),
 (2125,'Narsinghgarh','Madhya Pradesh'),
 (2126,'Narsinghgarh','Madhya Pradesh'),
 (2127,'Neemuch','Madhya Pradesh'),
 (2128,'Nepanagar','Madhya Pradesh'),
 (2129,'Niwari','Madhya Pradesh'),
 (2130,'Nowgong','Madhya Pradesh'),
 (2131,'Nowrozabad','Madhya Pradesh'),
 (2132,'Pachore','Madhya Pradesh'),
 (2133,'Pali','Madhya Pradesh'),
 (2134,'Panagar','Madhya Pradesh'),
 (2135,'Pandhurna','Madhya Pradesh'),
 (2136,'Panna','Madhya Pradesh'),
 (2137,'Pasan','Madhya Pradesh'),
 (2138,'Pipariya','Madhya Pradesh');
INSERT INTO `city` (`id`,`city_name`,`state_name`) VALUES 
 (2139,'Pithampur','Madhya Pradesh'),
 (2140,'Porsa','Madhya Pradesh'),
 (2141,'Prithvipur','Madhya Pradesh'),
 (2142,'Raghogarh-Vijaypur','Madhya Pradesh'),
 (2143,'Rahatgarh','Madhya Pradesh'),
 (2144,'Raisen','Madhya Pradesh'),
 (2145,'Rajgarh','Madhya Pradesh'),
 (2146,'Ratlam','Madhya Pradesh'),
 (2147,'Rau','Madhya Pradesh'),
 (2148,'Rehli','Madhya Pradesh'),
 (2149,'Rewa','Madhya Pradesh'),
 (2150,'Sabalgarh','Madhya Pradesh'),
 (2151,'Sagar','Madhya Pradesh'),
 (2152,'Sanawad','Madhya Pradesh'),
 (2153,'Sarangpur','Madhya Pradesh'),
 (2154,'Sarni','Madhya Pradesh'),
 (2155,'Satna','Madhya Pradesh'),
 (2156,'Sausar','Madhya Pradesh'),
 (2157,'Sehore','Madhya Pradesh'),
 (2158,'Sendhwa','Madhya Pradesh'),
 (2159,'Seoni','Madhya Pradesh'),
 (2160,'Seoni-Malwa','Madhya Pradesh'),
 (2161,'Shahdol','Madhya Pradesh'),
 (2162,'Shajapur','Madhya Pradesh'),
 (2163,'Shamgarh','Madhya Pradesh'),
 (2164,'Sheopur','Madhya Pradesh'),
 (2165,'Shivpuri','Madhya Pradesh');
INSERT INTO `city` (`id`,`city_name`,`state_name`) VALUES 
 (2166,'Shujalpur','Madhya Pradesh'),
 (2167,'Sidhi','Madhya Pradesh'),
 (2168,'Sihora','Madhya Pradesh'),
 (2169,'Singrauli','Madhya Pradesh'),
 (2170,'Sironj','Madhya Pradesh'),
 (2171,'Sohagpur','Madhya Pradesh'),
 (2172,'Tarana','Madhya Pradesh'),
 (2173,'Tikamgarh','Madhya Pradesh'),
 (2174,'Ujhani','Madhya Pradesh'),
 (2175,'Ujjain','Madhya Pradesh'),
 (2176,'Umaria','Madhya Pradesh'),
 (2177,'Vidisha','Madhya Pradesh'),
 (2178,'Wara Seoni','Madhya Pradesh'),
 (2179,'Achalpur','Maharashtra'),
 (2180,'Ahmednagar','Maharashtra'),
 (2181,'Ahmedpur','Maharashtra'),
 (2182,'Ajra','Maharashtra'),
 (2183,'Akkalkot','Maharashtra'),
 (2184,'Akola','Maharashtra'),
 (2185,'Akot','Maharashtra'),
 (2186,'Alandi','Maharashtra'),
 (2187,'Alibag','Maharashtra'),
 (2188,'Amalner','Maharashtra'),
 (2189,'Ambad','Maharashtra'),
 (2190,'Ambejogai','Maharashtra'),
 (2191,'Ambivali Tarf Wankhal','Maharashtra'),
 (2192,'Amravati','Maharashtra'),
 (2193,'Anjangaon','Maharashtra');
INSERT INTO `city` (`id`,`city_name`,`state_name`) VALUES 
 (2194,'Arvi','Maharashtra'),
 (2195,'Ashta','Maharashtra'),
 (2196,'Aurangabad','Maharashtra'),
 (2197,'Ausa','Maharashtra'),
 (2198,'Baramati','Maharashtra'),
 (2199,'Bhandara','Maharashtra'),
 (2200,'Bhiwandi','Maharashtra'),
 (2201,'Bhusawal','Maharashtra'),
 (2202,'Chalisgaon','Maharashtra'),
 (2203,'Chandrapur','Maharashtra'),
 (2204,'Chinchani','Maharashtra'),
 (2205,'Chiplun','Maharashtra'),
 (2206,'Daund','Maharashtra'),
 (2207,'Devgarh','Maharashtra'),
 (2208,'Dhule','Maharashtra'),
 (2209,'Dombivli','Maharashtra'),
 (2210,'Durgapur','Maharashtra'),
 (2211,'Gadchiroli','Maharashtra'),
 (2212,'Ghatanji','Maharashtra'),
 (2213,'Gondiya','Maharashtra'),
 (2214,'Ichalkaranji','Maharashtra'),
 (2215,'Jalna','Maharashtra'),
 (2216,'Jalgaon','Maharashtra'),
 (2217,'Junnar','Maharashtra'),
 (2218,'Kalyan','Maharashtra'),
 (2219,'Kamthi','Maharashtra'),
 (2220,'Karad','Maharashtra'),
 (2221,'Karjat','Maharashtra'),
 (2222,'Kolhapur','Maharashtra'),
 (2223,'Latur','Maharashtra');
INSERT INTO `city` (`id`,`city_name`,`state_name`) VALUES 
 (2224,'Loha','Maharashtra'),
 (2225,'Lonar','Maharashtra'),
 (2226,'Lonavla','Maharashtra'),
 (2227,'Mahabaleswar','Maharashtra'),
 (2228,'Mahad','Maharashtra'),
 (2229,'Mahuli','Maharashtra'),
 (2230,'Malegaon','Maharashtra'),
 (2231,'Malkapur','Maharashtra'),
 (2232,'Manchar','Maharashtra'),
 (2233,'Mangalvedhe','Maharashtra'),
 (2234,'Mangrulpir','Maharashtra'),
 (2235,'Manjlegaon','Maharashtra'),
 (2236,'Manmad','Maharashtra'),
 (2237,'Manwath','Maharashtra'),
 (2238,'Mehkar','Maharashtra'),
 (2239,'Mhaswad','Maharashtra'),
 (2240,'Mira-Bhayandar','Maharashtra'),
 (2241,'Miraj','Maharashtra'),
 (2242,'Morshi','Maharashtra'),
 (2243,'Mukhed','Maharashtra'),
 (2244,'Mul','Maharashtra'),
 (2245,'Mumbai','Maharashtra'),
 (2246,'Murtijapur','Maharashtra'),
 (2247,'Nagpur','Maharashtra'),
 (2248,'Nalasopara','Maharashtra'),
 (2249,'Nanded-Waghala','Maharashtra'),
 (2250,'Nandgaon','Maharashtra'),
 (2251,'Nandura','Maharashtra'),
 (2252,'Nandurbar','Maharashtra');
INSERT INTO `city` (`id`,`city_name`,`state_name`) VALUES 
 (2253,'Narkhed','Maharashtra'),
 (2254,'Nashik','Maharashtra'),
 (2255,'Navi Mumbai','Maharashtra'),
 (2256,'Nawapur','Maharashtra'),
 (2257,'Nilanga','Maharashtra'),
 (2258,'Osmanabad','Maharashtra'),
 (2259,'Ozar','Maharashtra'),
 (2260,'Pachora','Maharashtra'),
 (2261,'Paithan','Maharashtra'),
 (2262,'Palghar','Maharashtra'),
 (2263,'Pandharkaoda','Maharashtra'),
 (2264,'Pandharpur','Maharashtra'),
 (2265,'Panvel','Maharashtra'),
 (2266,'Parbhani','Maharashtra'),
 (2267,'Parli','Maharashtra'),
 (2268,'Parola','Maharashtra'),
 (2269,'Partur','Maharashtra'),
 (2270,'Pathardi','Maharashtra'),
 (2271,'Pathri','Maharashtra'),
 (2272,'Patur','Maharashtra'),
 (2273,'Pauni','Maharashtra'),
 (2274,'Pen','Maharashtra'),
 (2275,'Phaltan','Maharashtra'),
 (2276,'Pulgaon','Maharashtra'),
 (2277,'Pune','Maharashtra'),
 (2278,'Purna','Maharashtra'),
 (2279,'Pusad','Maharashtra'),
 (2280,'Raichuri','Maharashtra'),
 (2281,'Rajura','Maharashtra'),
 (2282,'Ramtek','Maharashtra');
INSERT INTO `city` (`id`,`city_name`,`state_name`) VALUES 
 (2283,'Ratnagiri','Maharashtra'),
 (2284,'Raver','Maharashtra'),
 (2285,'Risod','Maharashtra'),
 (2286,'Sailu','Maharashtra'),
 (2287,'Sangamner','Maharashtra'),
 (2288,'Sangli','Maharashtra'),
 (2289,'Sangole','Maharashtra'),
 (2290,'Sasvad','Maharashtra'),
 (2291,'Satana','Maharashtra'),
 (2292,'Satara','Maharashtra'),
 (2293,'Savner','Maharashtra'),
 (2294,'Sawantwadi','Maharashtra'),
 (2295,'Shahade','Maharashtra'),
 (2296,'Shegaon','Maharashtra'),
 (2297,'Shendurjana','Maharashtra'),
 (2298,'Shirdi','Maharashtra'),
 (2299,'Shirpur-Warwade','Maharashtra'),
 (2300,'Shirur','Maharashtra'),
 (2301,'Shrigonda','Maharashtra'),
 (2302,'Shrirampur','Maharashtra'),
 (2303,'Sillod','Maharashtra'),
 (2304,'Sinnar','Maharashtra'),
 (2305,'Solapur','Maharashtra'),
 (2306,'Soyagaon','Maharashtra'),
 (2307,'Talegaon Dabhade','Maharashtra'),
 (2308,'Talode','Maharashtra'),
 (2309,'Tasgaon','Maharashtra'),
 (2310,'Thane','Maharashtra'),
 (2311,'Tirora','Maharashtra'),
 (2312,'Tuljapur','Maharashtra');
INSERT INTO `city` (`id`,`city_name`,`state_name`) VALUES 
 (2313,'Tumsar','Maharashtra'),
 (2314,'Uchgaon','Maharashtra'),
 (2315,'Udgir','Maharashtra'),
 (2316,'Umarga','Maharashtra'),
 (2317,'Umarkhed','Maharashtra'),
 (2318,'Umred','Maharashtra'),
 (2319,'Uran','Maharashtra'),
 (2320,'Uran Islampur','Maharashtra'),
 (2321,'Vadgaon Kasba','Maharashtra'),
 (2322,'Vaijapur','Maharashtra'),
 (2323,'Vasai','Maharashtra'),
 (2324,'Virar','Maharashtra'),
 (2325,'Vita','Maharashtra'),
 (2326,'Wadgaon Road','Maharashtra'),
 (2327,'Wai','Maharashtra'),
 (2328,'Wani','Maharashtra'),
 (2329,'Wardha','Maharashtra'),
 (2330,'Warora','Maharashtra'),
 (2331,'Warud','Maharashtra'),
 (2332,'Washim','Maharashtra'),
 (2333,'Yavatmal','Maharashtra'),
 (2334,'Yawal','Maharashtra'),
 (2335,'Yevla','Maharashtra'),
 (2336,'Imphal','Manipur'),
 (2337,'Kakching','Manipur'),
 (2338,'Lilong','Manipur'),
 (2339,'Mayang Imphal','Manipur'),
 (2340,'Thoubal','Manipur'),
 (2341,'Jowai','Meghalaya'),
 (2342,'Nongstoin','Meghalaya'),
 (2343,'Shillong','Meghalaya');
INSERT INTO `city` (`id`,`city_name`,`state_name`) VALUES 
 (2344,'Tura','Meghalaya'),
 (2345,'Aizawl','Mizoram'),
 (2346,'Champhai','Mizoram'),
 (2347,'Lunglei','Mizoram'),
 (2348,'Saiha','Mizoram'),
 (2349,'Dimapur','Nagaland'),
 (2350,'Kohima','Nagaland'),
 (2351,'Mokokchung','Nagaland'),
 (2352,'Tuensang','Nagaland'),
 (2353,'Wokha','Nagaland'),
 (2354,'Zunheboto','Nagaland'),
 (2355,'Indirapuram','National Capital Region (India)'),
 (2356,'Anandapur','Odisha'),
 (2357,'Anugul','Odisha'),
 (2358,'Asika','Odisha'),
 (2359,'Balangir','Odisha'),
 (2360,'Balasore','Odisha'),
 (2361,'Baleshwar','Odisha'),
 (2362,'Bamra','Odisha'),
 (2363,'Barbil','Odisha'),
 (2364,'Bargarh','Odisha'),
 (2365,'Baripada','Odisha'),
 (2366,'Basudebpur','Odisha'),
 (2367,'Belpahar','Odisha'),
 (2368,'Bhadrak','Odisha'),
 (2369,'Bhawanipatna','Odisha'),
 (2370,'Bhuban','Odisha'),
 (2371,'Bhubaneswar','Odisha'),
 (2372,'Biramitrapur','Odisha'),
 (2373,'Brahmapur','Odisha'),
 (2374,'Brajrajnagar','Odisha'),
 (2375,'Burla','Odisha'),
 (2376,'Byasanagar','Odisha');
INSERT INTO `city` (`id`,`city_name`,`state_name`) VALUES 
 (2377,'Cuttack','Odisha'),
 (2378,'Ganjam','Odisha'),
 (2379,'Gunupur','Odisha'),
 (2380,'Hinjilicut','Odisha'),
 (2381,'Jagatsinghapur','Odisha'),
 (2382,'Jajapur','Odisha'),
 (2383,'Jaleswar','Odisha'),
 (2384,'Jatani','Odisha'),
 (2385,'Jeypur','Odisha'),
 (2386,'Jharsuguda','Odisha'),
 (2387,'Joda','Odisha'),
 (2388,'Kantabanji','Odisha'),
 (2389,'Karanjia','Odisha'),
 (2390,'Kendrapara','Odisha'),
 (2391,'Kendujhar','Odisha'),
 (2392,'Khordha','Odisha'),
 (2393,'Koraput','Odisha'),
 (2394,'Kuchinda','Odisha'),
 (2395,'Madhyamgram','Odisha'),
 (2396,'Malkangiri','Odisha'),
 (2397,'Nabarangapur','Odisha'),
 (2398,'Paradip','Odisha'),
 (2399,'Parlakhemundi','Odisha'),
 (2400,'Pattamundai','Odisha'),
 (2401,'Phulabani','Odisha'),
 (2402,'Puri','Odisha'),
 (2403,'Rairangpur','Odisha'),
 (2404,'Rajagangapur','Odisha'),
 (2405,'Raurkela','Odisha'),
 (2406,'Rayagada','Odisha'),
 (2407,'Sambalpur','Odisha'),
 (2408,'Soro','Odisha'),
 (2409,'Sunabeda','Odisha');
INSERT INTO `city` (`id`,`city_name`,`state_name`) VALUES 
 (2410,'Sundargarh','Odisha'),
 (2411,'Talcher','Odisha'),
 (2412,'Tarbha','Odisha'),
 (2413,'Titlagarh','Odisha'),
 (2414,'Umarkote','Odisha'),
 (2415,'Debagarh','Orissa'),
 (2416,'Dhenkanal','Orissa'),
 (2417,'Karaikal','Puducherry'),
 (2418,'Mahe','Puducherry'),
 (2419,'Pondicherry','Puducherry'),
 (2420,'Yanam','Puducherry'),
 (2421,'Ahmedgarh','Punjab'),
 (2422,'Amritsar','Punjab'),
 (2423,'Barnala','Punjab'),
 (2424,'Batala','Punjab'),
 (2425,'Bathinda','Punjab'),
 (2426,'Bhagha Purana','Punjab'),
 (2427,'Budhlada','Punjab'),
 (2428,'Dasua','Punjab'),
 (2429,'Dhuri','Punjab'),
 (2430,'Dinanagar','Punjab'),
 (2431,'Faridkot','Punjab'),
 (2432,'Fazilka','Punjab'),
 (2433,'Firozpur','Punjab'),
 (2434,'Firozpur Cantt.','Punjab'),
 (2435,'Giddarbaha','Punjab'),
 (2436,'Gobindgarh','Punjab'),
 (2437,'Gurdaspur','Punjab'),
 (2438,'Hoshiarpur','Punjab'),
 (2439,'Jagraon','Punjab'),
 (2440,'Jaitu','Punjab'),
 (2441,'Jalalabad','Punjab'),
 (2442,'Jalandhar Cantt.','Punjab');
INSERT INTO `city` (`id`,`city_name`,`state_name`) VALUES 
 (2443,'Jalandhar','Punjab'),
 (2444,'Jandiala','Punjab'),
 (2445,'Kapurthala','Punjab'),
 (2446,'Karoran','Punjab'),
 (2447,'Kartarpur','Punjab'),
 (2448,'Khanna','Punjab'),
 (2449,'Kharar','Punjab'),
 (2450,'Kot Kapura','Punjab'),
 (2451,'Kurali','Punjab'),
 (2452,'Kamahi Devi','Punjab'),
 (2453,'Longowal','Punjab'),
 (2454,'Ludhiana','Punjab'),
 (2455,'Malerkotla','Punjab'),
 (2456,'Malout','Punjab'),
 (2457,'Mansa','Punjab'),
 (2458,'Maur','Punjab'),
 (2459,'Moga','Punjab'),
 (2460,'Mohali','Punjab'),
 (2461,'Morinda','Punjab'),
 (2462,'Mukatsar','Punjab'),
 (2463,'Mukerian','Punjab'),
 (2464,'Muktsar','Punjab'),
 (2465,'Nabha','Punjab'),
 (2466,'Nakodar','Punjab'),
 (2467,'Nangal','Punjab'),
 (2468,'Nawanshahr','Punjab'),
 (2469,'Pathankot','Punjab'),
 (2470,'Patiala','Punjab'),
 (2471,'Patran','Punjab'),
 (2472,'Patti','Punjab'),
 (2473,'Phagwara','Punjab'),
 (2474,'Phillaur','Punjab'),
 (2475,'Qadian','Punjab'),
 (2476,'Raikot','Punjab'),
 (2477,'Rajpura','Punjab');
INSERT INTO `city` (`id`,`city_name`,`state_name`) VALUES 
 (2478,'Rampura Phul','Punjab'),
 (2479,'Rupnagar','Punjab'),
 (2480,'Samana','Punjab'),
 (2481,'Sangrur','Punjab'),
 (2482,'Sirhind Fatehgarh Sahib','Punjab'),
 (2483,'Sujanpur','Punjab'),
 (2484,'Sunam','Punjab'),
 (2485,'Talwara','Punjab'),
 (2486,'Tarn Taran','Punjab'),
 (2487,'Urmar Tanda','Punjab'),
 (2488,'Zira','Punjab'),
 (2489,'Zirakpur','Punjab'),
 (2490,'Ajmer','Rajasthan'),
 (2491,'Alwar','Rajasthan'),
 (2492,'Bhiwadi','Rajasthan'),
 (2493,'Bali','Rajasthan'),
 (2494,'Bandikui','Rajasthan'),
 (2495,'Banswara','Rajasthan'),
 (2496,'Baran','Rajasthan'),
 (2497,'Barmer','Rajasthan'),
 (2498,'Beawar','Rajasthan'),
 (2499,'Bharatpur','Rajasthan'),
 (2500,'Bhilwara','Rajasthan'),
 (2501,'Bhinmal','Rajasthan'),
 (2502,'Bikaner','Rajasthan'),
 (2503,'Bilara','Rajasthan'),
 (2504,'Churu','Rajasthan'),
 (2505,'Devgarh','Rajasthan'),
 (2506,'Falna','Rajasthan'),
 (2507,'Fatehpur','Rajasthan'),
 (2508,'Hanumangarh','Rajasthan'),
 (2509,'Harsawa','Rajasthan');
INSERT INTO `city` (`id`,`city_name`,`state_name`) VALUES 
 (2510,'Jaipur','Rajasthan'),
 (2511,'Jaisalmer','Rajasthan'),
 (2512,'Jaitaran','Rajasthan'),
 (2513,'Jalore','Rajasthan'),
 (2514,'Jhalawar','Rajasthan'),
 (2515,'Jhunjhunu','Rajasthan'),
 (2516,'Jodhpur','Rajasthan'),
 (2517,'Kota','Rajasthan'),
 (2518,'Lachhmangarh','Rajasthan'),
 (2519,'Ladnu','Rajasthan'),
 (2520,'Lakheri','Rajasthan'),
 (2521,'Lalsot','Rajasthan'),
 (2522,'Losal','Rajasthan'),
 (2523,'Mahwa','Rajasthan'),
 (2524,'Makrana','Rajasthan'),
 (2525,'Malpura','Rajasthan'),
 (2526,'Mandalgarh','Rajasthan'),
 (2527,'Mandawa','Rajasthan'),
 (2528,'Mangrol','Rajasthan'),
 (2529,'Merta City','Rajasthan'),
 (2530,'Mount Abu','Rajasthan'),
 (2531,'Meethari Marwar','Rajasthan'),
 (2532,'Nadbai','Rajasthan'),
 (2533,'Nagar','Rajasthan'),
 (2534,'Nagaur','Rajasthan'),
 (2535,'Nargund','Rajasthan'),
 (2536,'Nasirabad','Rajasthan'),
 (2537,'Nathdwara','Rajasthan'),
 (2538,'Navalgund','Rajasthan'),
 (2539,'Nawalgarh','Rajasthan'),
 (2540,'Neem-Ka-Thana','Rajasthan');
INSERT INTO `city` (`id`,`city_name`,`state_name`) VALUES 
 (2541,'Nelamangala','Rajasthan'),
 (2542,'Nimbahera','Rajasthan'),
 (2543,'Niwai','Rajasthan'),
 (2544,'Nohar','Rajasthan'),
 (2545,'Nokha','Rajasthan'),
 (2546,'Pali','Rajasthan'),
 (2547,'Phalodi','Rajasthan'),
 (2548,'Phulera','Rajasthan'),
 (2549,'Pilani','Rajasthan'),
 (2550,'Pilibanga','Rajasthan'),
 (2551,'Pindwara','Rajasthan'),
 (2552,'Pipar City','Rajasthan'),
 (2553,'Prantij','Rajasthan'),
 (2554,'Pratapgarh','Rajasthan'),
 (2555,'Raisinghnagar','Rajasthan'),
 (2556,'Rajakhera','Rajasthan'),
 (2557,'Rajaldesar','Rajasthan'),
 (2558,'Rajgarh (Alwar)','Rajasthan'),
 (2559,'Rajgarh (Churu)','Rajasthan'),
 (2560,'Rajsamand','Rajasthan'),
 (2561,'Ramganj Mandi','Rajasthan'),
 (2562,'Ramngarh','Rajasthan'),
 (2563,'Ratangarh','Rajasthan'),
 (2564,'Rawatbhata','Rajasthan'),
 (2565,'Rawatsar','Rajasthan'),
 (2566,'Reengus','Rajasthan'),
 (2567,'Sadri','Rajasthan'),
 (2568,'Sadulshahar','Rajasthan'),
 (2569,'Sadulpur','Rajasthan'),
 (2570,'Sagwara','Rajasthan');
INSERT INTO `city` (`id`,`city_name`,`state_name`) VALUES 
 (2571,'Sambhar','Rajasthan'),
 (2572,'Sanchore','Rajasthan'),
 (2573,'Sangaria','Rajasthan'),
 (2574,'Sardarshahar','Rajasthan'),
 (2575,'Sawai Madhopur','Rajasthan'),
 (2576,'Shahpura','Rajasthan'),
 (2577,'Shahpura','Rajasthan'),
 (2578,'Sheoganj','Rajasthan'),
 (2579,'Sikar','Rajasthan'),
 (2580,'Sirohi','Rajasthan'),
 (2581,'Sojat','Rajasthan'),
 (2582,'Sri Madhopur','Rajasthan'),
 (2583,'Sujangarh','Rajasthan'),
 (2584,'Sumerpur','Rajasthan'),
 (2585,'Suratgarh','Rajasthan'),
 (2586,'Taranagar','Rajasthan'),
 (2587,'Todabhim','Rajasthan'),
 (2588,'Todaraisingh','Rajasthan'),
 (2589,'Tonk','Rajasthan'),
 (2590,'Udaipur','Rajasthan'),
 (2591,'Udaipurwati','Rajasthan'),
 (2592,'Vijainagar','Rajasthan'),
 (2593,'Gangtok','Sikkim'),
 (2594,'Arakkonam','Tamil Nadu'),
 (2595,'Arcot','Tamil Nadu'),
 (2596,'Ariyalur','Tamil Nadu'),
 (2597,'Aruppukkottai','Tamil Nadu'),
 (2598,'Bhavani','Tamil Nadu'),
 (2599,'Chengalpattu','Tamil Nadu'),
 (2600,'Chennai','Tamil Nadu');
INSERT INTO `city` (`id`,`city_name`,`state_name`) VALUES 
 (2601,'Chinna salem','Tamil Nadu'),
 (2602,'Coimbatore','Tamil Nadu'),
 (2603,'Coonoor','Tamil Nadu'),
 (2604,'Cuddalore','Tamil Nadu'),
 (2605,'Dharmapuri','Tamil Nadu'),
 (2606,'Dindigul','Tamil Nadu'),
 (2607,'Erode','Tamil Nadu'),
 (2608,'Gingee','Tamil Nadu'),
 (2609,'Gobichettipalayam','Tamil Nadu'),
 (2610,'Gudalur','Tamil Nadu'),
 (2611,'Gudalur','Tamil Nadu'),
 (2612,'Gudalur','Tamil Nadu'),
 (2613,'Harur','Tamil Nadu'),
 (2614,'Jayankondam','Tamil Nadu'),
 (2615,'Kanchipuram','Tamil Nadu'),
 (2616,'Karaikudi','Tamil Nadu'),
 (2617,'Karur','Tamil Nadu'),
 (2618,'Karungal','Tamil Nadu'),
 (2619,'Kollankodu','Tamil Nadu'),
 (2620,'Lalgudi','Tamil Nadu'),
 (2621,'Madurai','Tamil Nadu'),
 (2622,'Nagapattinam','Tamil Nadu'),
 (2623,'Nagercoil','Tamil Nadu'),
 (2624,'Namagiripettai','Tamil Nadu'),
 (2625,'Namakkal','Tamil Nadu'),
 (2626,'Nandivaram-Guduvancheri','Tamil Nadu'),
 (2627,'Nanjikottai','Tamil Nadu'),
 (2628,'Natham','Tamil Nadu'),
 (2629,'Nellikuppam','Tamil Nadu');
INSERT INTO `city` (`id`,`city_name`,`state_name`) VALUES 
 (2630,'Neyveli','Tamil Nadu'),
 (2631,'Valley','Tamil Nadu'),
 (2632,'Oddanchatram','Tamil Nadu'),
 (2633,'P.N.Patti','Tamil Nadu'),
 (2634,'Pacode','Tamil Nadu'),
 (2635,'Padmanabhapuram','Tamil Nadu'),
 (2636,'Palani','Tamil Nadu'),
 (2637,'Palladam','Tamil Nadu'),
 (2638,'Pallapatti','Tamil Nadu'),
 (2639,'Pallikonda','Tamil Nadu'),
 (2640,'Panagudi','Tamil Nadu'),
 (2641,'Panruti','Tamil Nadu'),
 (2642,'Paramakudi','Tamil Nadu'),
 (2643,'Parangipettai','Tamil Nadu'),
 (2644,'Pattukkottai','Tamil Nadu'),
 (2645,'Perambalur','Tamil Nadu'),
 (2646,'Peravurani','Tamil Nadu'),
 (2647,'Periyakulam','Tamil Nadu'),
 (2648,'Periyasemur','Tamil Nadu'),
 (2649,'Pernampattu','Tamil Nadu'),
 (2650,'Pollachi','Tamil Nadu'),
 (2651,'Polur','Tamil Nadu'),
 (2652,'Ponneri','Tamil Nadu'),
 (2653,'Pudukkottai','Tamil Nadu'),
 (2654,'Pudupattinam','Tamil Nadu'),
 (2655,'Puliyankudi','Tamil Nadu'),
 (2656,'Punjaipugalur','Tamil Nadu'),
 (2657,'Ranipet','Tamil Nadu'),
 (2658,'Rajapalayam','Tamil Nadu');
INSERT INTO `city` (`id`,`city_name`,`state_name`) VALUES 
 (2659,'Ramanathapuram','Tamil Nadu'),
 (2660,'Rameshwaram','Tamil Nadu'),
 (2661,'Rasipuram','Tamil Nadu'),
 (2662,'Salem','Tamil Nadu'),
 (2663,'Sankarankoil','Tamil Nadu'),
 (2664,'Sankari','Tamil Nadu'),
 (2665,'Sathyamangalam','Tamil Nadu'),
 (2666,'Sattur','Tamil Nadu'),
 (2667,'Shenkottai','Tamil Nadu'),
 (2668,'Sholavandan','Tamil Nadu'),
 (2669,'Sholingur','Tamil Nadu'),
 (2670,'Sirkali','Tamil Nadu'),
 (2671,'Sivaganga','Tamil Nadu'),
 (2672,'Sivagiri','Tamil Nadu'),
 (2673,'Sivakasi','Tamil Nadu'),
 (2674,'Srivilliputhur','Tamil Nadu'),
 (2675,'Surandai','Tamil Nadu'),
 (2676,'Suriyampalayam','Tamil Nadu'),
 (2677,'Tenkasi','Tamil Nadu'),
 (2678,'Thammampatti','Tamil Nadu'),
 (2679,'Thanjavur','Tamil Nadu'),
 (2680,'Tharamangalam','Tamil Nadu'),
 (2681,'Tharangambadi','Tamil Nadu'),
 (2682,'Theni Allinagaram','Tamil Nadu'),
 (2683,'Thirumangalam','Tamil Nadu'),
 (2684,'Thirunindravur','Tamil Nadu'),
 (2685,'Thiruparappu','Tamil Nadu'),
 (2686,'Thirupuvanam','Tamil Nadu');
INSERT INTO `city` (`id`,`city_name`,`state_name`) VALUES 
 (2687,'Thiruthuraipoondi','Tamil Nadu'),
 (2688,'Thiruvallur','Tamil Nadu'),
 (2689,'Thiruvarur','Tamil Nadu'),
 (2690,'Thoothukudi','Tamil Nadu'),
 (2691,'Thuraiyur','Tamil Nadu'),
 (2692,'Tindivanam','Tamil Nadu'),
 (2693,'Tiruchendur','Tamil Nadu'),
 (2694,'Tiruchengode','Tamil Nadu'),
 (2695,'Tiruchirappalli','Tamil Nadu'),
 (2696,'Tirukalukundram','Tamil Nadu'),
 (2697,'Tirukkoyilur','Tamil Nadu'),
 (2698,'Tirunelveli','Tamil Nadu'),
 (2699,'Tirupathur','Tamil Nadu'),
 (2700,'Tirupathur','Tamil Nadu'),
 (2701,'Tiruppur','Tamil Nadu'),
 (2702,'Tiruttani','Tamil Nadu'),
 (2703,'Tiruvannamalai','Tamil Nadu'),
 (2704,'Tiruvethipuram','Tamil Nadu'),
 (2705,'Tittakudi','Tamil Nadu'),
 (2706,'Udhagamandalam','Tamil Nadu'),
 (2707,'Udumalaipettai','Tamil Nadu'),
 (2708,'Unnamalaikadai','Tamil Nadu'),
 (2709,'Usilampatti','Tamil Nadu'),
 (2710,'Uthamapalayam','Tamil Nadu'),
 (2711,'Uthiramerur','Tamil Nadu'),
 (2712,'Vadakkuvalliyur','Tamil Nadu'),
 (2713,'Vadalur','Tamil Nadu');
INSERT INTO `city` (`id`,`city_name`,`state_name`) VALUES 
 (2714,'Vadipatti','Tamil Nadu'),
 (2715,'Valparai','Tamil Nadu'),
 (2716,'Vandavasi','Tamil Nadu'),
 (2717,'Vaniyambadi','Tamil Nadu'),
 (2718,'Vedaranyam','Tamil Nadu'),
 (2719,'Vellakoil','Tamil Nadu'),
 (2720,'Vellore','Tamil Nadu'),
 (2721,'Vikramasingapuram','Tamil Nadu'),
 (2722,'Viluppuram','Tamil Nadu'),
 (2723,'Virudhachalam','Tamil Nadu'),
 (2724,'Virudhunagar','Tamil Nadu'),
 (2725,'Viswanatham','Tamil Nadu'),
 (2726,'Agartala','Tripura'),
 (2727,'Badharghat','Tripura'),
 (2728,'Dharmanagar','Tripura'),
 (2729,'Indranagar','Tripura'),
 (2730,'Jogendranagar','Tripura'),
 (2731,'Kailasahar','Tripura'),
 (2732,'Khowai','Tripura'),
 (2733,'Pratapgarh','Tripura'),
 (2734,'Udaipur','Tripura'),
 (2735,'Achhnera','Uttar Pradesh'),
 (2736,'Adari','Uttar Pradesh'),
 (2737,'Agra','Uttar Pradesh'),
 (2738,'Akbarpur','Uttar Pradesh'),
 (2739,'Aligarh','Uttar Pradesh'),
 (2740,'Allahabad','Uttar Pradesh'),
 (2741,'Amroha','Uttar Pradesh'),
 (2742,'Azamgarh','Uttar Pradesh');
INSERT INTO `city` (`id`,`city_name`,`state_name`) VALUES 
 (2743,'Azmatgarh','Uttar Pradesh'),
 (2744,'Badaun','Uttar Pradesh'),
 (2745,'Bahraich','Uttar Pradesh'),
 (2746,'Ballia','Uttar Pradesh'),
 (2747,'Balrampur','Uttar Pradesh'),
 (2748,'Bandar','Uttar Pradesh'),
 (2749,'Bareilly','Uttar Pradesh'),
 (2750,'Bharthana','Uttar Pradesh'),
 (2751,'Bijnor','Uttar Pradesh'),
 (2752,'Budaun','Uttar Pradesh'),
 (2753,'Bulandshahr','Uttar Pradesh'),
 (2754,'Chakeri','Uttar Pradesh'),
 (2755,'Chandauli','Uttar Pradesh'),
 (2756,'Chandausi','Uttar Pradesh'),
 (2757,'Charkhari','Uttar Pradesh'),
 (2758,'Dadri','Uttar Pradesh'),
 (2759,'Deoria','Uttar Pradesh'),
 (2760,'Dhampur','Uttar Pradesh'),
 (2761,'Etah','Uttar Pradesh'),
 (2762,'Etawah','Uttar Pradesh'),
 (2763,'Faizabad','Uttar Pradesh'),
 (2764,'Farrukhabad','Uttar Pradesh'),
 (2765,'Fatehabad','Uttar Pradesh'),
 (2766,'Fatehgarh','Uttar Pradesh'),
 (2767,'Fatehpur Chaurasi','Uttar Pradesh'),
 (2768,'Fatehpur Sikri','Uttar Pradesh'),
 (2769,'Fatehpur','Uttar Pradesh');
INSERT INTO `city` (`id`,`city_name`,`state_name`) VALUES 
 (2770,'Fatehpur','Uttar Pradesh'),
 (2771,'Firozabad','Uttar Pradesh'),
 (2772,'Ghatampur','Uttar Pradesh'),
 (2773,'Ghaziabad','Uttar Pradesh'),
 (2774,'Ghazipur','Uttar Pradesh'),
 (2775,'Gorakhpur','Uttar Pradesh'),
 (2776,'Greater Noida','Uttar Pradesh'),
 (2777,'Hamirpur','Uttar Pradesh'),
 (2778,'Hapur','Uttar Pradesh'),
 (2779,'Hardoi','Uttar Pradesh'),
 (2780,'Hastinapur','Uttar Pradesh'),
 (2781,'Hathras','Uttar Pradesh'),
 (2782,'Jais','Uttar Pradesh'),
 (2783,'Jajmau','Uttar Pradesh'),
 (2784,'Jaunpur','Uttar Pradesh'),
 (2785,'Jhansi','Uttar Pradesh'),
 (2786,'Kalpi','Uttar Pradesh'),
 (2787,'Kanpur','Uttar Pradesh'),
 (2788,'Khalilabad','Uttar Pradesh'),
 (2789,'Kheri','Uttar Pradesh'),
 (2790,'Kota','Uttar Pradesh'),
 (2791,'Kulpahar','Uttar Pradesh'),
 (2792,'Laharpur','Uttar Pradesh'),
 (2793,'Lakhimpur','Uttar Pradesh'),
 (2794,'Lal Gopalganj Nindaura','Uttar Pradesh'),
 (2795,'Lalitpur','Uttar Pradesh'),
 (2796,'Lalganj','Uttar Pradesh'),
 (2797,'Lar','Uttar Pradesh');
INSERT INTO `city` (`id`,`city_name`,`state_name`) VALUES 
 (2798,'Loni','Uttar Pradesh'),
 (2799,'Lucknow','Uttar Pradesh'),
 (2800,'Mahoba','Uttar Pradesh'),
 (2801,'Mathura','Uttar Pradesh'),
 (2802,'Meerut','Uttar Pradesh'),
 (2803,'Mirzapur','Uttar Pradesh'),
 (2804,'Modinagar','Uttar Pradesh'),
 (2805,'Moradabad','Uttar Pradesh'),
 (2806,'Muradnagar','Uttar Pradesh'),
 (2807,'Muzaffarnagar','Uttar Pradesh'),
 (2808,'Nagina','Uttar Pradesh'),
 (2809,'Najibabad','Uttar Pradesh'),
 (2810,'Nakur','Uttar Pradesh'),
 (2811,'Nanpara','Uttar Pradesh'),
 (2812,'Naraura','Uttar Pradesh'),
 (2813,'Naugawan Sadat','Uttar Pradesh'),
 (2814,'Nautanwa','Uttar Pradesh'),
 (2815,'Nawabganj','Uttar Pradesh'),
 (2816,'Nehtaur','Uttar Pradesh'),
 (2817,'Noida','Uttar Pradesh'),
 (2818,'Noorpur','Uttar Pradesh'),
 (2819,'Obra','Uttar Pradesh'),
 (2820,'Orai','Uttar Pradesh'),
 (2821,'Padrauna','Uttar Pradesh'),
 (2822,'Palia Kalan','Uttar Pradesh'),
 (2823,'Parasi','Uttar Pradesh'),
 (2824,'Phulpur','Uttar Pradesh'),
 (2825,'Pihani','Uttar Pradesh');
INSERT INTO `city` (`id`,`city_name`,`state_name`) VALUES 
 (2826,'Pilibhit','Uttar Pradesh'),
 (2827,'Pilkhuwa','Uttar Pradesh'),
 (2828,'Powayan','Uttar Pradesh'),
 (2829,'Pukhrayan','Uttar Pradesh'),
 (2830,'Puranpur','Uttar Pradesh'),
 (2831,'Purquazi','Uttar Pradesh'),
 (2832,'Purwa','Uttar Pradesh'),
 (2833,'Rae Bareli','Uttar Pradesh'),
 (2834,'Rampur','Uttar Pradesh'),
 (2835,'Rampur Maniharan','Uttar Pradesh'),
 (2836,'Rampur Maniharan','Uttar Pradesh'),
 (2837,'Rasra','Uttar Pradesh'),
 (2838,'Rath','Uttar Pradesh'),
 (2839,'Renukoot','Uttar Pradesh'),
 (2840,'Reoti','Uttar Pradesh'),
 (2841,'Robertsganj','Uttar Pradesh'),
 (2842,'Rudauli','Uttar Pradesh'),
 (2843,'Rudrapur','Uttar Pradesh'),
 (2844,'Sadabad','Uttar Pradesh'),
 (2845,'Safipur','Uttar Pradesh'),
 (2846,'Saharanpur','Uttar Pradesh'),
 (2847,'Sahaspur','Uttar Pradesh'),
 (2848,'Sahaswan','Uttar Pradesh'),
 (2849,'Sahawar','Uttar Pradesh'),
 (2850,'Sahjanwa','Uttar Pradesh'),
 (2851,'Saidpur','Uttar Pradesh'),
 (2852,'Sambhal','Uttar Pradesh'),
 (2853,'Samdhan','Uttar Pradesh');
INSERT INTO `city` (`id`,`city_name`,`state_name`) VALUES 
 (2854,'Samthar','Uttar Pradesh'),
 (2855,'Sandi','Uttar Pradesh'),
 (2856,'Sandila','Uttar Pradesh'),
 (2857,'Sardhana','Uttar Pradesh'),
 (2858,'Seohara','Uttar Pradesh'),
 (2859,'Shahabad, Hardoi','Uttar Pradesh'),
 (2860,'Shahabad, Rampur','Uttar Pradesh'),
 (2861,'Shahganj','Uttar Pradesh'),
 (2862,'Shahjahanpur','Uttar Pradesh'),
 (2863,'Shamli','Uttar Pradesh'),
 (2864,'Shamsabad, Agra','Uttar Pradesh'),
 (2865,'Shamsabad, Farrukhabad','Uttar Pradesh'),
 (2866,'Sherkot','Uttar Pradesh'),
 (2867,'Shikarpur, Bulandshahr','Uttar Pradesh'),
 (2868,'Shikohabad','Uttar Pradesh'),
 (2869,'Shishgarh','Uttar Pradesh'),
 (2870,'Siana','Uttar Pradesh'),
 (2871,'Sikanderpur','Uttar Pradesh'),
 (2872,'Sikandra Rao','Uttar Pradesh'),
 (2873,'Sikandrabad','Uttar Pradesh'),
 (2874,'Sirsaganj','Uttar Pradesh'),
 (2875,'Sirsi','Uttar Pradesh'),
 (2876,'Sitapur','Uttar Pradesh'),
 (2877,'Soron','Uttar Pradesh'),
 (2878,'Suar','Uttar Pradesh'),
 (2879,'Sultanpur','Uttar Pradesh');
INSERT INTO `city` (`id`,`city_name`,`state_name`) VALUES 
 (2880,'Sumerpur','Uttar Pradesh'),
 (2881,'Tanda','Uttar Pradesh'),
 (2882,'Tanda','Uttar Pradesh'),
 (2883,'Tetri Bazar','Uttar Pradesh'),
 (2884,'Thakurdwara','Uttar Pradesh'),
 (2885,'Thana Bhawan','Uttar Pradesh'),
 (2886,'Tilhar','Uttar Pradesh'),
 (2887,'Tirwaganj','Uttar Pradesh'),
 (2888,'Tulsipur','Uttar Pradesh'),
 (2889,'Tundla','Uttar Pradesh'),
 (2890,'Unnao','Uttar Pradesh'),
 (2891,'Utraula','Uttar Pradesh'),
 (2892,'Varanasi','Uttar Pradesh'),
 (2893,'Vrindavan','Uttar Pradesh'),
 (2894,'Warhapur','Uttar Pradesh'),
 (2895,'Zaid','Uttar Pradesh'),
 (2896,'Zamania','Uttar Pradesh'),
 (2897,'Almora','Uttarakhand'),
 (2898,'Bageshwar','Uttarakhand'),
 (2899,'Bazpur','Uttarakhand'),
 (2900,'Berinag','Uttarakhand'),
 (2901,'Chamba','Uttarakhand'),
 (2902,'Champawat','Uttarakhand'),
 (2903,'Chaukori','Uttarakhand'),
 (2904,'Dehradun','Uttarakhand'),
 (2905,'Haldwani','Uttarakhand'),
 (2906,'Haridwar','Uttarakhand'),
 (2907,'Jaspur','Uttarakhand'),
 (2908,'Kanda','Uttarakhand');
INSERT INTO `city` (`id`,`city_name`,`state_name`) VALUES 
 (2909,'Kashipur','Uttarakhand'),
 (2910,'kichha','Uttarakhand'),
 (2911,'Kotdwara','Uttarakhand'),
 (2912,'Manglaur','Uttarakhand'),
 (2913,'Mussoorie','Uttarakhand'),
 (2914,'Nagla','Uttarakhand'),
 (2915,'Nainital','Uttarakhand'),
 (2916,'Pauri','Uttarakhand'),
 (2917,'Pithoragarh','Uttarakhand'),
 (2918,'Ramnagar','Uttarakhand'),
 (2919,'Rishikesh','Uttarakhand'),
 (2920,'Roorkee','Uttarakhand'),
 (2921,'Rudrapur','Uttarakhand'),
 (2922,'Sitarganj','Uttarakhand'),
 (2923,'Tehri','Uttarakhand'),
 (2924,'Vijaypur','Uttarakhand'),
 (2925,'Adra','West Bengal'),
 (2926,'Alipurduar','West Bengal'),
 (2927,'Arambagh','West Bengal'),
 (2928,'Asansol','West Bengal'),
 (2929,'Baharampur','West Bengal'),
 (2930,'Bally','West Bengal'),
 (2931,'Balurghat','West Bengal'),
 (2932,'Bankura','West Bengal'),
 (2933,'Barakar','West Bengal'),
 (2934,'Barasat','West Bengal'),
 (2935,'Bardhaman','West Bengal'),
 (2936,'Barrackpur','West Bengal'),
 (2937,'Bidhan Nagar','West Bengal');
INSERT INTO `city` (`id`,`city_name`,`state_name`) VALUES 
 (2938,'Chinsura','West Bengal'),
 (2939,'Contai','West Bengal'),
 (2940,'Cooch Behar','West Bengal'),
 (2941,'Dalkhola','West Bengal'),
 (2942,'Darjeeling','West Bengal'),
 (2943,'Dhulian','West Bengal'),
 (2944,'Dumdum','West Bengal'),
 (2945,'Durgapur','West Bengal'),
 (2946,'English Bazar','West Bengal'),
 (2947,'Haldia','West Bengal'),
 (2948,'Howrah','West Bengal'),
 (2949,'Hugli-Chuchura','West Bengal'),
 (2950,'Islampur','West Bengal'),
 (2951,'Jalpaiguri','West Bengal'),
 (2952,'Jhargram','West Bengal'),
 (2953,'Jhalda','West Bengal'),
 (2954,'Kalimpong','West Bengal'),
 (2955,'Kharagpur','West Bengal'),
 (2956,'Kolkata','West Bengal'),
 (2957,'Konnagar','West Bengal'),
 (2958,'Krishnanagar','West Bengal'),
 (2959,'Kalyani','West Bengal'),
 (2960,'Mainaguri','West Bengal'),
 (2961,'Mal','West Bengal'),
 (2962,'Mathabhanga','West Bengal'),
 (2963,'Medinipur','West Bengal'),
 (2964,'Memari','West Bengal'),
 (2965,'Monoharpur','West Bengal'),
 (2966,'Murshidabad','West Bengal');
INSERT INTO `city` (`id`,`city_name`,`state_name`) VALUES 
 (2967,'Nabadwip','West Bengal'),
 (2968,'Naihati','West Bengal'),
 (2969,'Panchla','West Bengal'),
 (2970,'Pandua','West Bengal'),
 (2971,'Paschim Punropara','West Bengal'),
 (2972,'Purulia','West Bengal'),
 (2973,'Raghunathpur','West Bengal'),
 (2974,'Raghunathganj','West Bengal'),
 (2975,'Raiganj','West Bengal'),
 (2976,'Rampurhat','West Bengal'),
 (2977,'Ranaghat','West Bengal'),
 (2978,'Sainthia','West Bengal'),
 (2979,'Santipur','West Bengal'),
 (2980,'Siliguri','West Bengal'),
 (2981,'Sonamukhi','West Bengal'),
 (2982,'Srirampore','West Bengal'),
 (2983,'Suri','West Bengal'),
 (2984,'Taki','West Bengal'),
 (2985,'Tamluk','West Bengal'),
 (2986,'Tarakeswar','West Bengal');
/*!40000 ALTER TABLE `city` ENABLE KEYS */;


--
-- Table structure for table `blooddonation`.`details`
--

DROP TABLE IF EXISTS `details`;
CREATE TABLE `details` (
  `username` varchar(75) NOT NULL DEFAULT '',
  `email` varchar(75) NOT NULL DEFAULT '',
  `firstname` varchar(30) NOT NULL DEFAULT '',
  `lastname` varchar(30) NOT NULL DEFAULT '',
  `bloodgroup` varchar(50) NOT NULL DEFAULT '',
  `gender` varchar(10) NOT NULL DEFAULT '',
  `day` int(10) unsigned NOT NULL DEFAULT '0',
  `month` int(10) unsigned NOT NULL DEFAULT '0',
  `year` int(10) unsigned NOT NULL DEFAULT '0',
  `state` varchar(50) NOT NULL DEFAULT '',
  `city` varchar(200) NOT NULL DEFAULT '',
  `mobile` varchar(10) NOT NULL DEFAULT '',
  `pic` varchar(200) NOT NULL DEFAULT '',
  PRIMARY KEY (`username`)
) ENGINE=InnoDB DEFAULT CHARSET=utf8;

--
-- Dumping data for table `blooddonation`.`details`
--

/*!40000 ALTER TABLE `details` DISABLE KEYS */;
INSERT INTO `details` (`username`,`email`,`firstname`,`lastname`,`bloodgroup`,`gender`,`day`,`month`,`year`,`state`,`city`,`mobile`,`pic`) VALUES 
 ('check','a@ggma.com','ff','ddd','A+','Male',1,1,1996,'Gujarat','Deesa','1234567890','users/pic/check.jpg'),
 ('test','test@t.com','test','test','A+','Male',1,1,1996,'Arunachal Pradesh','Naharlagun','1234567890','users/pic/test.JPG');
/*!40000 ALTER TABLE `details` ENABLE KEYS */;


--
-- Table structure for table `blooddonation`.`state`
--

DROP TABLE IF EXISTS `state`;
CREATE TABLE `state` (
  `state_name` varchar(50) NOT NULL DEFAULT '',
  PRIMARY KEY (`state_name`)
) ENGINE=InnoDB DEFAULT CHARSET=latin1;

--
-- Dumping data for table `blooddonation`.`state`
--

/*!40000 ALTER TABLE `state` DISABLE KEYS */;
INSERT INTO `state` (`state_name`) VALUES 
 ('Andaman and Nicobar Islands'),
 ('Andhra Pradesh'),
 ('Arunachal Pradesh'),
 ('Assam'),
 ('Bihar'),
 ('Chandigarh'),
 ('Chhattisgarh'),
 ('Dadra and Nagar Haveli'),
 ('Daman and Diu'),
 ('Delhi'),
 ('Goa'),
 ('Gujarat'),
 ('Haryana'),
 ('Himachal Pradesh'),
 ('Jammu and Kashmir'),
 ('Jharkhand'),
 ('Karnataka'),
 ('Kerala'),
 ('Lakshadweep'),
 ('Madhya Pradesh'),
 ('Maharashtra'),
 ('Manipur'),
 ('Meghalaya'),
 ('Mizoram'),
 ('Nagaland'),
 ('National Capital Region (India)'),
 ('Odisha'),
 ('Orissa'),
 ('Puducherry'),
 ('Punjab'),
 ('Rajasthan'),
 ('Sikkim'),
 ('Tamil Nadu'),
 ('Tripura'),
 ('Uttar Pradesh'),
 ('Uttarakhand'),
 ('West Bengal');
/*!40000 ALTER TABLE `state` ENABLE KEYS */;


--
-- Table structure for table `blooddonation`.`urgentblood`
--

DROP TABLE IF EXISTS `urgentblood`;
CREATE TABLE `urgentblood` (
  `username` varchar(75) NOT NULL DEFAULT '',
  `bloodgroup` varchar(45) NOT NULL DEFAULT '',
  `name` varchar(45) NOT NULL DEFAULT '',
  `mobile` varchar(10) NOT NULL DEFAULT '',
  `location` varchar(45) NOT NULL DEFAULT '',
  `state` varchar(45) NOT NULL DEFAULT '',
  `city` varchar(200) NOT NULL DEFAULT '',
  `message` varchar(400) NOT NULL DEFAULT ''
) ENGINE=InnoDB DEFAULT CHARSET=utf8;

--
-- Dumping data for table `blooddonation`.`urgentblood`
--

/*!40000 ALTER TABLE `urgentblood` DISABLE KEYS */;
INSERT INTO `urgentblood` (`username`,`bloodgroup`,`name`,`mobile`,`location`,`state`,`city`,`message`) VALUES 
 ('devanshu','A+','dgdf','1234567890','fgdf','Andaman and Nicobar Islands','Port','dfg'),
 ('devanshu','A1-','jhkjhkj','1234567890','fds','Arunachal Pradesh','Naharlagun','df'),
 ('devanshu','A+','aaa','1234567890','dffd','Andhra Pradesh','Amadalavalasa','dgfd'),
 ('devanshu','A1-','dfsdfsdf','1234567890','sfs','Arunachal Pradesh','Itanagar','dgfd');
/*!40000 ALTER TABLE `urgentblood` ENABLE KEYS */;

/*!40101 SET SQL_MODE=@OLD_SQL_MODE */;
/*!40014 SET FOREIGN_KEY_CHECKS=@OLD_FOREIGN_KEY_CHECKS */;
/*!40014 SET UNIQUE_CHECKS=@OLD_UNIQUE_CHECKS */;
/*!40101 SET CHARACTER_SET_CLIENT=@OLD_CHARACTER_SET_CLIENT */;
/*!40101 SET CHARACTER_SET_RESULTS=@OLD_CHARACTER_SET_RESULTS */;
/*!40101 SET COLLATION_CONNECTION=@OLD_COLLATION_CONNECTION */;
/*!40101 SET CHARACTER_SET_CLIENT=@OLD_CHARACTER_SET_CLIENT */;
